학생ID,학과,학년,인정학기,평균평점,토익성적 A,A 취득일자,토익성적 B,B 취득일자
S00001,영어영문학과,1학년,1학기,2.86,,,965,2018-02-02
S00002,행정학과,2학년,4학기,2.36,375,2024-08-03,415,2018-09-12
S00003,간호학과,1학년,1학기,3.17,915,2025-07-22,915,2023-12-10
S00004,국제학부,3학년,6학기,2.54,895,2025-09-19,895,2018-11-22
S00005,미디어커뮤니케이션학과,3학년,5학기,4.06,745,2025-06-22,825,2022-11-12
S00006,사회학과,1학년,1학기,1.82,430,2025-11-24,430,2024-12-29
S00007,생명과학과,1학년,1학기,1.81,160,2024-09-16,165,2018-12-01
S00008,기계공학과,2학년,3학기,2.69,330,2024-10-25,360,2023-02-21
S00009,행정학과,4학년,7학기,3.97,,,615,2025-03-10
S00010,경영학부,2학년,4학기,1.57,225,2024-05-02,225,2024-06-09
S00011,사회학과,1학년,2학기,2.44,240,2026-02-20,250,2018-08-12
S00012,디자인학과,1학년,1학기,3.66,,,635,2020-06-07
S00013,경제학과,3학년,5학기,2.22,460,2025-11-11,460,2025-04-25
S00014,디자인학과,4학년,7학기,3.55,370,2026-04-02,370,2025-12-28
S00015,건축학과,2학년,3학기,2.50,440,2024-11-30,,
S00016,컴퓨터공학과,4학년,7학기,4.40,785,2025-12-25,800,2025-10-21
S00017,전자공학과,3학년,6학기,3.84,,,355,2025-07-02
S00018,전자공학과,3학년,6학기,4.02,690,2024-07-23,745,2020-02-28
S00019,교육학과,2학년,3학기,3.67,575,2025-12-20,575,2018-05-24
S00020,국제학부,4학년,7학기,2.94,800,2024-09-02,800,2021-01-01
S00021,물리학과,3학년,6학기,3.85,810,2025-07-05,820,2024-04-16
S00022,경제학과,4학년,8학기,3.33,,,770,2025-12-14
S00023,행정학과,1학년,2학기,3.48,420,2025-09-13,430,2025-12-27
S00024,물리학과,2학년,3학기,4.24,280,2024-10-23,280,2023-11-05
S00025,화학과,2학년,3학기,2.71,290,2026-02-06,290,2021-02-05
S00026,경제학과,2학년,3학기,3.23,660,2025-01-23,660,2018-12-10
S00027,물리학과,1학년,2학기,3.95,,,910,2021-04-21
S00028,간호학과,2학년,3학기,1.77,790,2026-04-07,790,2026-04-12
S00029,화학과,3학년,6학기,1.99,795,2026-01-18,,
S00030,영어영문학과,4학년,7학기,2.42,360,2025-01-09,375,2022-11-25
S00031,디자인학과,2학년,3학기,2.09,655,2025-03-16,655,2024-04-12
S00032,기계공학과,2학년,3학기,2.19,655,2025-09-15,655,2022-07-16
S00033,디자인학과,1학년,2학기,3.23,,,725,2026-02-02
S00034,경영학부,2학년,3학기,3.52,675,2026-03-28,675,2019-12-18
S00035,사회학과,2학년,3학기,2.62,180,2024-08-30,180,2025-10-18
S00036,국제학부,4학년,8학기,2.69,605,2025-05-06,605,2026-03-16
S00037,물리학과,2학년,3학기,3.73,660,2025-07-05,720,2025-06-02
S00038,기계공학과,3학년,6학기,2.41,620,2024-11-10,620,2018-05-24
S00039,경영학부,1학년,1학기,1.84,545,2025-05-07,,
S00040,영어영문학과,3학년,5학기,2.71,630,2026-03-15,,
S00041,간호학과,1학년,2학기,2.04,305,2026-03-31,330,2021-09-05
S00042,전자공학과,1학년,2학기,4.42,365,2025-08-23,,
S00043,컴퓨터공학과,2학년,4학기,2.21,,,660,2025-08-04
S00044,경영학부,4학년,7학기,1.74,510,2025-03-13,540,2019-07-12
S00045,미디어커뮤니케이션학과,2학년,3학기,2.41,,,260,2022-02-05
S00046,디자인학과,3학년,6학기,4.36,355,2026-04-10,400,2022-08-16
S00047,물리학과,4학년,8학기,2.06,140,2025-06-15,140,2019-04-18
S00048,화학과,2학년,4학기,1.90,625,2024-08-05,,
S00049,간호학과,4학년,8학기,3.34,685,2025-06-24,690,2021-09-11
S00050,사회학과,4학년,8학기,3.73,,,,
S00051,경제학과,4학년,7학기,2.17,415,2024-07-02,430,2021-10-28
S00052,교육학과,4학년,8학기,2.71,320,2025-08-25,360,2018-02-18
S00053,전자공학과,1학년,2학기,1.65,800,2024-08-02,800,2025-09-14
S00054,물리학과,1학년,2학기,1.74,,,640,2026-02-25
S00055,생명과학과,1학년,1학기,3.31,680,2025-11-30,680,2020-09-03
S00056,사회학과,4학년,7학기,4.43,580,2024-08-25,610,2018-04-28
S00057,국제학부,3학년,5학기,4.09,595,2025-12-15,595,2023-11-29
S00058,통계학과,1학년,1학기,3.82,760,2025-12-15,760,2020-09-03
S00059,물리학과,3학년,5학기,4.12,,,380,2021-08-14
S00060,기계공학과,1학년,1학기,2.28,655,2024-11-09,655,2018-12-06
S00061,국제학부,2학년,4학기,2.35,430,2025-11-20,430,2019-05-31
S00062,건축학과,4학년,8학기,2.72,715,2024-05-17,715,2022-12-22
S00063,간호학과,4학년,7학기,3.58,675,2025-10-31,680,2025-06-13
S00064,디자인학과,2학년,3학기,3.65,470,2024-10-23,470,2019-09-05
S00065,디자인학과,1학년,2학기,1.60,755,2025-02-27,755,2021-03-03
S00066,경영학부,1학년,2학기,4.03,820,2026-03-11,,
S00067,물리학과,2학년,4학기,1.79,255,2024-09-23,290,2018-02-18
S00068,간호학과,2학년,4학기,2.23,645,2024-06-29,645,2022-09-28
S00069,생명과학과,4학년,8학기,2.50,190,2025-01-22,290,2018-08-16
S00070,컴퓨터공학과,1학년,1학기,2.77,575,2024-05-17,660,2024-04-14
S00071,간호학과,1학년,2학기,2.38,,,335,2023-01-06
S00072,교육학과,4학년,7학기,3.73,730,2026-01-29,755,2022-11-03
S00073,물리학과,2학년,4학기,2.73,680,2025-05-06,710,2019-12-22
S00074,디자인학과,3학년,6학기,2.37,395,2025-04-20,405,2020-03-04
S00075,교육학과,2학년,4학기,2.76,500,2024-10-21,560,2024-01-10
S00076,물리학과,4학년,7학기,3.47,680,2025-09-15,680,2018-06-16
S00077,디자인학과,2학년,4학기,3.90,795,2024-07-15,820,2023-11-20
S00078,사회학과,4학년,8학기,4.29,585,2024-05-20,585,2022-12-05
S00079,경영학부,1학년,1학기,3.02,635,2024-11-23,635,2024-06-21
S00080,교육학과,4학년,8학기,2.65,,,400,2019-07-14
S00081,경제학과,1학년,2학기,4.13,980,2024-05-15,980,2018-06-19
S00082,기계공학과,1학년,2학기,3.33,,,275,2019-07-17
S00083,통계학과,2학년,3학기,1.75,,,700,2022-01-14
S00084,경영학부,1학년,2학기,1.50,100,2026-04-11,100,2024-08-01
S00085,사회학과,2학년,4학기,2.10,,,660,2020-04-15
S00086,국제학부,3학년,5학기,2.52,,,590,2023-12-12
S00087,심리학과,4학년,7학기,2.01,815,2024-05-31,815,2025-06-18
S00088,기계공학과,1학년,2학기,4.00,690,2024-05-13,690,2018-07-28
S00089,디자인학과,4학년,7학기,2.70,350,2025-10-17,370,2025-04-11
S00090,컴퓨터공학과,2학년,3학기,4.19,910,2024-11-29,910,2022-04-18
S00091,건축학과,2학년,4학기,3.46,225,2026-04-10,225,2018-11-29
S00092,전자공학과,3학년,5학기,4.31,580,2024-06-22,,
S00093,디자인학과,4학년,8학기,3.24,300,2026-03-28,300,2021-10-04
S00094,사회학과,4학년,8학기,2.19,400,2024-08-20,400,2018-05-07
S00095,경제학과,1학년,2학기,2.86,775,2024-11-17,775,2026-02-15
S00096,화학과,2학년,4학기,2.68,220,2026-02-04,235,2023-03-06
S00097,교육학과,3학년,6학기,3.22,355,2025-05-08,,
S00098,컴퓨터공학과,2학년,4학기,2.27,690,2025-12-19,690,2022-05-14
S00099,전자공학과,3학년,6학기,3.45,810,2025-11-04,810,2019-09-30
S00100,법학과,2학년,4학기,3.14,400,2024-05-02,400,2022-12-29
S00101,건축학과,4학년,7학기,2.01,,,335,2025-11-18
S00102,행정학과,2학년,3학기,4.11,785,2026-02-08,785,2021-04-10
S00103,경제학과,3학년,6학기,3.21,670,2024-12-25,670,2023-07-02
S00104,교육학과,2학년,4학기,1.72,490,2026-04-13,490,2019-03-16
S00105,화학과,3학년,5학기,3.77,355,2025-03-08,410,2026-03-25
S00106,경제학과,2학년,4학기,2.59,770,2026-04-01,775,2018-08-29
S00107,간호학과,1학년,2학기,2.63,435,2025-10-26,435,2019-12-19
S00108,사회학과,4학년,7학기,3.98,735,2024-07-08,770,2025-06-04
S00109,기계공학과,3학년,6학기,2.19,615,2026-02-18,615,2020-03-23
S00110,물리학과,2학년,3학기,2.41,655,2026-04-10,655,2022-01-17
S00111,기계공학과,2학년,3학기,4.41,605,2025-12-31,680,2020-11-17
S00112,미디어커뮤니케이션학과,1학년,1학기,3.88,,,350,2020-09-18
S00113,화학과,3학년,5학기,3.35,655,2025-05-04,740,2026-01-24
S00114,통계학과,3학년,6학기,2.34,540,2026-04-10,600,2024-03-03
S00115,심리학과,4학년,8학기,2.12,,,820,2025-11-12
S00116,경제학과,2학년,3학기,1.61,185,2024-05-16,185,2025-12-21
S00117,전자공학과,3학년,6학기,2.79,190,2025-01-26,190,2019-05-18
S00118,컴퓨터공학과,4학년,7학기,3.41,885,2024-10-31,885,2020-12-23
S00119,통계학과,1학년,2학기,3.21,275,2025-12-02,275,2024-10-19
S00120,심리학과,3학년,5학기,1.76,180,2025-03-24,180,2024-12-16
S00121,물리학과,4학년,8학기,3.20,645,2024-09-03,645,2025-05-26
S00122,행정학과,3학년,6학기,2.24,350,2025-10-02,355,2019-08-03
S00123,국제학부,4학년,8학기,2.05,710,2026-01-10,745,2022-09-28
S00124,경제학과,1학년,1학기,2.82,585,2026-04-11,585,2022-02-23
S00125,전자공학과,1학년,1학기,2.12,215,2024-12-10,215,2018-06-08
S00126,기계공학과,2학년,4학기,4.31,640,2025-08-16,640,2026-02-25
S00127,경제학과,1학년,2학기,2.08,365,2026-03-24,420,2019-02-12
S00128,간호학과,2학년,4학기,4.43,700,2024-05-17,790,2021-10-23
S00129,경제학과,2학년,3학기,3.45,570,2025-10-19,590,2020-09-02
S00130,생명과학과,1학년,1학기,3.89,890,2024-07-15,900,2024-04-29
S00131,전자공학과,3학년,6학기,4.34,460,2024-08-09,460,2021-02-19
S00132,간호학과,4학년,8학기,2.95,775,2025-11-05,775,2023-07-26
S00133,화학과,2학년,4학기,2.53,,,680,2025-08-22
S00134,교육학과,3학년,5학기,3.27,880,2024-11-09,935,2020-02-05
S00135,행정학과,1학년,2학기,2.88,500,2024-05-21,500,2023-12-19
S00136,국제학부,4학년,7학기,2.60,795,2025-04-16,795,2024-06-28
S00137,물리학과,2학년,3학기,1.97,,,490,2019-04-09
S00138,통계학과,4학년,8학기,4.09,440,2024-10-18,440,2023-01-27
S00139,영어영문학과,1학년,2학기,3.83,610,2024-05-15,640,2019-09-02
S00140,간호학과,2학년,4학기,3.69,,,550,2025-01-13
S00141,심리학과,1학년,2학기,2.92,640,2026-03-13,655,2026-02-18
S00142,미디어커뮤니케이션학과,2학년,4학기,3.84,660,2026-01-01,720,2023-06-20
S00143,기계공학과,4학년,8학기,3.09,585,2026-03-25,640,2022-07-16
S00144,심리학과,2학년,4학기,3.67,345,2025-03-23,345,2021-12-06
S00145,기계공학과,4학년,7학기,2.43,420,2025-02-04,475,2020-07-18
S00146,기계공학과,3학년,6학기,4.00,,,425,2022-06-26
S00147,국제학부,1학년,2학기,3.48,790,2024-06-15,840,2019-07-06
S00148,사회학과,3학년,6학기,3.84,660,2024-07-01,660,2024-04-19
S00149,건축학과,4학년,8학기,4.34,730,2025-04-18,,
S00150,사회학과,4학년,8학기,3.07,310,2025-03-13,,
S00151,생명과학과,3학년,5학기,2.10,195,2025-10-03,195,2022-12-02
S00152,경영학부,1학년,1학기,3.64,360,2026-03-17,430,2020-09-25
S00153,국제학부,4학년,8학기,3.76,,,525,2021-07-10
S00154,컴퓨터공학과,3학년,6학기,4.23,655,2025-05-06,,
S00155,물리학과,4학년,8학기,1.89,465,2026-03-01,465,2020-10-17
S00156,영어영문학과,1학년,2학기,1.91,315,2025-09-09,315,2023-04-24
S00157,생명과학과,4학년,7학기,3.57,340,2025-11-06,340,2021-07-30
S00158,미디어커뮤니케이션학과,2학년,3학기,4.37,695,2025-12-11,695,2024-07-19
S00159,통계학과,1학년,2학기,4.00,,,500,2019-09-29
S00160,간호학과,2학년,3학기,4.16,345,2024-08-05,370,2022-09-14
S00161,국제학부,2학년,3학기,2.58,700,2024-05-12,700,2025-02-16
S00162,사회학과,2학년,4학기,1.72,125,2025-05-17,125,2024-02-08
S00163,통계학과,3학년,5학기,4.49,775,2026-01-15,775,2018-08-04
S00164,기계공학과,3학년,6학기,2.62,545,2024-08-06,575,2025-03-28
S00165,법학과,3학년,6학기,4.06,955,2024-04-30,985,2024-05-19
S00166,영어영문학과,3학년,6학기,2.41,815,2025-07-12,880,2020-10-29
S00167,물리학과,4학년,7학기,3.57,345,2026-03-25,,
S00168,심리학과,4학년,7학기,3.55,665,2025-12-09,,
S00169,행정학과,2학년,3학기,4.20,525,2025-12-23,,
S00170,컴퓨터공학과,4학년,8학기,3.11,605,2026-03-16,605,2019-07-10
S00171,물리학과,2학년,3학기,2.75,530,2026-02-19,560,2024-04-09
S00172,간호학과,2학년,3학기,3.87,270,2025-07-22,300,2019-08-28
S00173,영어영문학과,1학년,1학기,2.45,700,2025-07-23,700,2018-04-27
S00174,간호학과,3학년,6학기,2.77,835,2025-07-27,875,2025-06-26
S00175,사회학과,3학년,5학기,1.91,615,2025-06-21,615,2024-08-03
S00176,미디어커뮤니케이션학과,3학년,6학기,4.39,990,2024-08-07,990,2025-10-23
S00177,교육학과,4학년,7학기,4.47,885,2025-11-23,,
S00178,경제학과,1학년,2학기,4.06,,,935,2025-02-19
S00179,경제학과,4학년,7학기,1.70,435,2025-12-15,490,2025-12-16
S00180,건축학과,4학년,8학기,3.72,650,2026-01-04,650,2024-09-30
S00181,기계공학과,2학년,4학기,2.38,,,275,2022-02-24
S00182,국제학부,1학년,1학기,3.05,870,2025-02-01,920,2021-03-03
S00183,심리학과,4학년,7학기,3.05,820,2024-07-07,820,2018-12-13
S00184,통계학과,3학년,5학기,2.46,615,2024-05-14,615,2021-12-31
S00185,기계공학과,4학년,7학기,3.64,,,700,2021-08-18
S00186,교육학과,1학년,1학기,4.35,940,2025-12-24,970,2021-10-12
S00187,경제학과,4학년,7학기,3.14,355,2024-04-27,,
S00188,건축학과,3학년,5학기,2.56,505,2025-08-20,525,2021-06-21
S00189,영어영문학과,3학년,6학기,3.02,880,2025-06-26,905,2019-11-06
S00190,간호학과,3학년,5학기,2.08,810,2024-09-30,810,2019-03-16
S00191,행정학과,2학년,4학기,3.00,525,2024-10-27,560,2018-05-30
S00192,경영학부,1학년,1학기,4.11,500,2025-10-21,500,2018-01-22
S00193,사회학과,1학년,1학기,1.80,370,2025-01-20,370,2022-08-06
S00194,통계학과,4학년,8학기,3.19,355,2025-08-25,435,2020-11-08
S00195,화학과,3학년,6학기,2.83,180,2025-05-09,235,2020-05-16
S00196,물리학과,1학년,2학기,2.30,740,2025-03-26,820,2021-06-07
S00197,경영학부,3학년,5학기,1.56,,,435,2021-11-24
S00198,통계학과,2학년,3학기,3.83,560,2026-04-07,580,2018-08-19
S00199,생명과학과,2학년,4학기,2.19,335,2025-06-08,335,2021-07-30
S00200,영어영문학과,2학년,3학기,4.00,,,815,2021-11-03
S00201,기계공학과,4학년,7학기,3.64,895,2024-05-21,895,2023-06-19
S00202,기계공학과,3학년,5학기,4.21,380,2025-07-24,420,2019-02-22
S00203,건축학과,1학년,1학기,1.79,450,2025-04-18,450,2019-03-19
S00204,컴퓨터공학과,1학년,1학기,3.08,885,2025-01-31,885,2025-10-28
S00205,경제학과,2학년,3학기,2.58,570,2025-05-24,570,2023-02-23
S00206,심리학과,4학년,8학기,1.70,615,2025-01-04,,
S00207,통계학과,3학년,6학기,1.94,535,2024-09-24,,
S00208,미디어커뮤니케이션학과,1학년,2학기,3.18,550,2024-05-14,565,2025-12-09
S00209,전자공학과,2학년,4학기,2.84,515,2024-04-29,560,2019-04-25
S00210,간호학과,1학년,1학기,4.46,730,2026-01-20,730,2020-02-04
S00211,물리학과,3학년,6학기,3.26,660,2024-08-25,670,2021-06-04
S00212,전자공학과,3학년,6학기,3.39,,,625,2025-10-19
S00213,교육학과,2학년,3학기,3.09,,,880,2018-01-15
S00214,전자공학과,4학년,8학기,2.20,400,2026-04-13,400,2019-09-09
S00215,미디어커뮤니케이션학과,3학년,6학기,2.41,475,2025-03-27,515,2021-12-23
S00216,화학과,1학년,2학기,1.84,445,2024-09-08,500,2024-03-05
S00217,법학과,4학년,8학기,2.50,205,2024-06-07,220,2021-02-03
S00218,사회학과,3학년,6학기,2.53,555,2025-01-31,590,2019-09-05
S00219,경제학과,4학년,7학기,3.04,415,2025-03-03,415,2023-06-13
S00220,법학과,4학년,7학기,4.23,460,2024-08-05,460,2021-12-24
S00221,경제학과,3학년,6학기,3.67,410,2024-11-21,455,2025-07-30
S00222,기계공학과,2학년,4학기,1.65,670,2025-11-27,690,2022-06-09
S00223,심리학과,1학년,1학기,2.40,810,2026-03-10,840,2022-04-09
S00224,미디어커뮤니케이션학과,4학년,7학기,3.11,370,2026-02-25,425,2020-04-15
S00225,영어영문학과,1학년,1학기,3.27,910,2025-04-04,910,2022-05-12
S00226,통계학과,3학년,6학기,3.09,215,2024-11-03,215,2025-09-30
S00227,건축학과,1학년,1학기,1.74,295,2025-11-05,,
S00228,사회학과,2학년,4학기,3.32,,,675,2024-04-17
S00229,기계공학과,1학년,1학기,4.16,750,2025-07-10,755,2019-05-03
S00230,물리학과,1학년,2학기,1.92,,,770,2019-06-04
S00231,미디어커뮤니케이션학과,2학년,4학기,2.96,665,2025-06-27,,
S00232,경영학부,2학년,3학기,3.31,445,2025-06-15,445,2023-09-10
S00233,미디어커뮤니케이션학과,2학년,4학기,1.72,550,2026-03-25,595,2023-01-13
S00234,건축학과,1학년,1학기,2.05,505,2024-11-17,525,2020-12-17
S00235,전자공학과,2학년,4학기,2.64,310,2024-12-27,310,2019-07-06
S00236,물리학과,1학년,1학기,2.42,200,2025-05-17,220,2018-09-22
S00237,전자공학과,2학년,4학기,2.27,110,2024-09-29,125,2020-02-26
S00238,생명과학과,4학년,7학기,3.46,355,2024-09-12,355,2018-05-17
S00239,법학과,4학년,8학기,1.86,460,2025-02-11,470,2020-01-07
S00240,영어영문학과,2학년,3학기,1.88,760,2024-11-17,800,2018-06-30
S00241,심리학과,2학년,4학기,2.53,785,2026-03-11,810,2019-02-14
S00242,미디어커뮤니케이션학과,1학년,1학기,4.36,490,2025-09-06,515,2019-10-20
S00243,기계공학과,3학년,6학기,3.54,745,2024-05-20,795,2020-09-08
S00244,사회학과,2학년,3학기,2.56,775,2026-03-25,775,2019-12-07
S00245,화학과,3학년,5학기,4.50,990,2026-04-05,990,2025-01-10
S00246,화학과,1학년,2학기,3.71,635,2025-05-03,635,2018-07-17
S00247,간호학과,1학년,2학기,3.65,675,2025-08-07,700,2019-10-05
S00248,전자공학과,1학년,2학기,2.94,540,2025-08-04,575,2021-11-02
S00249,심리학과,2학년,3학기,2.25,,,750,2020-11-05
S00250,경영학부,1학년,1학기,2.80,270,2025-07-05,270,2023-08-08
S00251,경제학과,2학년,4학기,3.43,,,475,2023-04-14
S00252,간호학과,3학년,6학기,3.65,,,660,2022-03-24
S00253,영어영문학과,1학년,1학기,4.40,550,2024-04-26,570,2025-01-27
S00254,디자인학과,2학년,3학기,3.05,225,2024-06-17,225,2025-07-18
S00255,심리학과,1학년,2학기,1.72,625,2025-03-19,625,2022-11-05
S00256,경제학과,2학년,3학기,3.01,755,2024-12-25,755,2022-09-11
S00257,행정학과,1학년,1학기,2.87,205,2025-03-20,205,2019-03-18
S00258,간호학과,1학년,2학기,4.42,930,2024-12-22,930,2026-03-16
S00259,물리학과,2학년,3학기,2.32,845,2025-03-14,845,2020-08-24
S00260,통계학과,4학년,7학기,4.50,510,2024-12-10,550,2020-05-03
S00261,디자인학과,3학년,6학기,2.78,370,2026-02-03,370,2020-12-02
S00262,경제학과,2학년,3학기,2.97,305,2025-11-08,305,2023-07-23
S00263,통계학과,3학년,6학기,2.89,,,555,2025-09-15
S00264,교육학과,3학년,5학기,2.33,500,2024-06-25,500,2024-10-13
S00265,디자인학과,4학년,8학기,3.27,535,2025-12-08,580,2025-08-28
S00266,건축학과,4학년,7학기,3.90,,,700,2020-03-12
S00267,행정학과,4학년,8학기,2.76,600,2025-10-11,625,2021-03-14
S00268,국제학부,4학년,8학기,1.83,470,2024-08-14,470,2019-12-29
S00269,법학과,2학년,4학기,3.58,835,2025-08-09,890,2019-01-29
S00270,사회학과,4학년,7학기,3.18,,,295,2020-07-02
S00271,간호학과,1학년,1학기,1.97,430,2025-05-16,445,2024-02-14
S00272,교육학과,4학년,7학기,4.28,640,2024-11-29,,
S00273,건축학과,2학년,4학기,3.94,750,2024-07-04,,
S00274,전자공학과,4학년,7학기,4.04,445,2025-06-05,455,2021-11-17
S00275,교육학과,4학년,7학기,3.91,745,2025-09-22,800,2024-10-07
S00276,법학과,4학년,8학기,2.80,,,435,2025-01-31
S00277,전자공학과,1학년,1학기,3.42,,,,
S00278,화학과,3학년,6학기,3.38,655,2026-01-04,655,2023-09-15
S00279,미디어커뮤니케이션학과,3학년,5학기,1.71,,,325,2020-12-09
S00280,교육학과,2학년,4학기,3.00,400,2024-09-01,400,2022-10-04
S00281,법학과,2학년,4학기,3.87,965,2025-06-02,965,2024-11-13
S00282,미디어커뮤니케이션학과,2학년,3학기,1.89,755,2025-12-10,755,2018-10-29
S00283,법학과,3학년,6학기,3.74,485,2024-12-17,485,2021-10-20
S00284,간호학과,4학년,7학기,2.77,850,2024-12-08,880,2024-08-26
S00285,심리학과,1학년,1학기,3.34,200,2024-12-05,210,2020-02-19
S00286,법학과,2학년,3학기,4.22,990,2024-06-24,990,2025-06-03
S00287,생명과학과,1학년,1학기,4.08,,,770,2024-04-21
S00288,미디어커뮤니케이션학과,2학년,3학기,3.87,,,,
S00289,법학과,3학년,5학기,3.09,795,2025-02-20,870,2026-03-24
S00290,행정학과,4학년,7학기,3.67,525,2026-03-02,540,2025-09-08
S00291,심리학과,2학년,3학기,4.39,885,2026-02-15,900,2021-07-09
S00292,행정학과,2학년,4학기,4.09,515,2025-12-13,515,2018-08-14
S00293,전자공학과,2학년,4학기,4.13,575,2026-02-19,575,2018-07-30
S00294,물리학과,1학년,2학기,3.41,250,2026-01-16,,
S00295,교육학과,4학년,7학기,4.42,990,2025-01-16,990,2019-05-14
S00296,미디어커뮤니케이션학과,1학년,1학기,1.71,455,2024-08-16,460,2023-03-19
S00297,간호학과,2학년,3학기,4.04,855,2026-02-14,855,2024-08-12
S00298,화학과,2학년,4학기,2.81,750,2024-08-14,785,2019-06-01
S00299,컴퓨터공학과,1학년,2학기,3.50,830,2026-01-01,840,2025-02-25
S00300,물리학과,3학년,6학기,3.57,705,2025-09-10,705,2026-04-18
S00301,컴퓨터공학과,1학년,1학기,1.59,185,2025-11-06,,
S00302,화학과,4학년,7학기,3.58,350,2024-09-11,365,2018-06-14
S00303,전자공학과,1학년,1학기,3.21,,,655,2021-07-12
S00304,전자공학과,1학년,2학기,3.48,620,2025-01-10,620,2020-02-11
S00305,심리학과,1학년,2학기,1.94,305,2024-11-14,350,2018-05-26
S00306,컴퓨터공학과,1학년,2학기,3.63,525,2025-01-24,555,2025-11-07
S00307,심리학과,4학년,8학기,3.12,465,2025-12-24,490,2025-01-09
S00308,법학과,4학년,7학기,4.06,685,2024-11-25,685,2018-09-20
S00309,경영학부,3학년,6학기,3.57,430,2025-12-02,430,2022-04-15
S00310,교육학과,2학년,3학기,3.88,375,2025-06-06,375,2018-04-01
S00311,법학과,1학년,1학기,4.00,850,2025-11-23,875,2024-08-22
S00312,통계학과,1학년,2학기,2.42,785,2025-02-03,,
S00313,국제학부,2학년,4학기,1.75,515,2025-06-28,,
S00314,화학과,2학년,4학기,3.67,440,2025-01-19,440,2019-01-22
S00315,경영학부,1학년,2학기,4.04,990,2026-01-30,990,2021-03-24
S00316,사회학과,4학년,7학기,4.43,,,380,2024-06-27
S00317,화학과,2학년,3학기,2.04,690,2025-05-20,710,2023-05-02
S00318,경제학과,2학년,3학기,2.39,560,2025-12-11,560,2019-07-02
S00319,경영학부,3학년,6학기,4.02,,,590,2021-12-19
S00320,통계학과,2학년,4학기,4.20,685,2025-09-26,685,2019-05-12
S00321,영어영문학과,4학년,8학기,3.21,820,2024-06-11,865,2019-07-13
S00322,행정학과,2학년,4학기,2.23,305,2024-10-09,340,2024-07-03
S00323,디자인학과,4학년,7학기,3.82,410,2025-04-05,470,2023-03-07
S00324,통계학과,2학년,4학기,3.53,665,2024-06-09,685,2020-12-15
S00325,경제학과,4학년,7학기,1.77,590,2024-07-09,605,2020-03-18
S00326,간호학과,1학년,1학기,1.91,495,2025-08-08,495,2023-07-17
S00327,사회학과,4학년,7학기,4.24,440,2024-08-25,475,2026-02-10
S00328,미디어커뮤니케이션학과,3학년,6학기,1.66,620,2025-06-24,620,2020-03-19
S00329,교육학과,1학년,1학기,3.37,825,2025-04-10,825,2022-04-25
S00330,경영학부,1학년,2학기,2.59,415,2024-07-15,435,2022-05-08
S00331,심리학과,1학년,1학기,4.09,375,2025-09-13,440,2019-11-05
S00332,컴퓨터공학과,4학년,8학기,2.37,420,2026-01-21,485,2018-12-05
S00333,경제학과,2학년,4학기,1.57,,,100,2020-07-20
S00334,간호학과,4학년,8학기,2.93,865,2024-07-21,885,2023-04-13
S00335,디자인학과,3학년,5학기,3.31,615,2024-07-18,615,2026-02-14
S00336,물리학과,2학년,3학기,2.59,,,,
S00337,물리학과,1학년,1학기,3.39,,,500,2018-03-30
S00338,심리학과,3학년,5학기,1.73,135,2025-06-12,180,2019-06-18
S00339,간호학과,2학년,4학기,2.97,430,2025-04-10,485,2021-02-08
S00340,통계학과,1학년,1학기,4.48,795,2024-10-28,865,2023-07-20
S00341,화학과,3학년,5학기,2.87,425,2026-01-03,495,2022-12-12
S00342,화학과,4학년,7학기,2.55,535,2024-12-20,555,2020-08-18
S00343,전자공학과,3학년,6학기,3.67,,,945,2022-05-20
S00344,컴퓨터공학과,2학년,3학기,3.51,905,2025-05-20,905,2019-11-22
S00345,국제학부,1학년,1학기,1.74,,,,
S00346,경영학부,3학년,6학기,1.68,635,2026-04-07,635,2020-01-10
S00347,국제학부,1학년,2학기,3.00,340,2024-06-10,340,2023-01-21
S00348,생명과학과,1학년,1학기,3.44,,,380,2020-08-05
S00349,물리학과,4학년,7학기,2.12,320,2026-03-21,345,2019-06-26
S00350,국제학부,2학년,3학기,2.00,335,2025-09-11,335,2023-10-23
S00351,전자공학과,4학년,8학기,2.57,,,710,2021-03-11
S00352,디자인학과,2학년,3학기,1.90,,,405,2020-10-26
S00353,국제학부,1학년,2학기,3.84,445,2024-10-14,445,2019-09-06
S00354,영어영문학과,4학년,7학기,3.31,,,335,2018-01-18
S00355,컴퓨터공학과,3학년,6학기,4.43,420,2025-04-08,420,2025-10-28
S00356,간호학과,3학년,5학기,3.57,865,2024-12-24,885,2025-06-15
S00357,법학과,3학년,6학기,2.08,,,785,2021-06-18
S00358,영어영문학과,1학년,1학기,2.56,410,2025-11-18,430,2021-11-28
S00359,건축학과,2학년,4학기,3.48,500,2024-05-20,,
S00360,간호학과,3학년,6학기,4.24,,,,
S00361,디자인학과,4학년,7학기,2.23,445,2025-01-16,455,2021-05-12
S00362,디자인학과,1학년,1학기,2.80,780,2025-08-07,795,2021-02-05
S00363,미디어커뮤니케이션학과,4학년,8학기,3.02,520,2024-10-26,520,2022-07-28
S00364,미디어커뮤니케이션학과,1학년,2학기,4.06,410,2025-11-23,,
S00365,화학과,2학년,4학기,3.06,420,2024-09-25,485,2019-08-26
S00366,미디어커뮤니케이션학과,4학년,8학기,2.58,145,2025-11-19,,
S00367,심리학과,2학년,4학기,1.64,665,2024-05-16,,
S00368,디자인학과,4학년,7학기,2.05,255,2024-08-30,310,2026-03-20
S00369,물리학과,4학년,8학기,2.25,220,2025-11-14,305,2024-11-25
S00370,기계공학과,4학년,7학기,3.52,550,2025-02-12,560,2022-09-11
S00371,법학과,2학년,3학기,3.99,,,,
S00372,국제학부,2학년,4학기,2.36,400,2026-01-12,465,2020-08-01
S00373,영어영문학과,2학년,4학기,2.74,,,530,2018-10-27
S00374,디자인학과,3학년,5학기,3.85,305,2026-01-02,340,2024-05-29
S00375,전자공학과,1학년,1학기,3.09,,,470,2019-07-09
S00376,사회학과,2학년,3학기,3.49,490,2025-11-26,500,2024-04-13
S00377,심리학과,1학년,2학기,4.22,960,2025-11-09,960,2019-02-05
S00378,생명과학과,2학년,4학기,4.17,315,2024-12-21,390,2025-01-29
S00379,경제학과,1학년,2학기,2.13,630,2025-03-23,630,2019-10-27
S00380,물리학과,1학년,1학기,3.38,850,2025-03-07,915,2023-02-16
S00381,심리학과,3학년,5학기,1.76,435,2024-05-14,435,2024-10-27
S00382,행정학과,4학년,7학기,4.23,,,940,2019-11-28
S00383,생명과학과,4학년,7학기,2.79,465,2025-10-15,465,2022-01-01
S00384,화학과,2학년,3학기,2.10,280,2025-04-17,280,2020-05-15
S00385,컴퓨터공학과,3학년,5학기,4.32,585,2025-05-04,585,2022-07-22
S00386,경제학과,1학년,2학기,4.17,680,2025-04-08,720,2020-04-16
S00387,행정학과,2학년,4학기,2.33,540,2025-10-18,540,2025-04-20
S00388,국제학부,3학년,6학기,2.44,325,2024-12-28,325,2020-10-20
S00389,경제학과,3학년,5학기,3.46,730,2024-09-26,780,2026-04-04
S00390,심리학과,3학년,6학기,1.68,375,2024-12-04,390,2025-02-22
S00391,기계공학과,2학년,3학기,2.49,200,2024-05-06,265,2019-01-23
S00392,간호학과,3학년,6학기,4.50,,,,
S00393,경제학과,4학년,8학기,2.99,465,2024-09-01,500,2025-08-18
S00394,컴퓨터공학과,1학년,1학기,1.88,150,2025-12-12,205,2019-09-27
S00395,화학과,4학년,8학기,3.57,335,2026-03-05,335,2025-10-07
S00396,법학과,1학년,2학기,1.65,425,2025-06-19,440,2022-03-07
S00397,화학과,1학년,2학기,3.77,920,2024-06-13,930,2022-09-23
S00398,간호학과,4학년,8학기,1.75,135,2026-01-23,190,2018-06-25
S00399,컴퓨터공학과,4학년,7학기,2.00,,,205,2021-06-22
S00400,경영학부,1학년,1학기,2.31,,,425,2018-01-18
S00401,법학과,4학년,7학기,4.13,720,2025-06-26,745,2024-02-12
S00402,간호학과,1학년,1학기,3.01,,,180,2025-04-30
S00403,교육학과,3학년,5학기,3.57,830,2026-02-05,830,2023-01-08
S00404,생명과학과,2학년,3학기,2.95,790,2025-09-05,790,2024-04-13
S00405,경제학과,2학년,3학기,2.87,775,2024-10-30,775,2022-06-25
S00406,교육학과,3학년,5학기,4.00,675,2025-10-18,695,2025-06-22
S00407,미디어커뮤니케이션학과,3학년,5학기,3.91,445,2026-02-03,445,2025-11-01
S00408,경영학부,1학년,2학기,2.66,,,755,2021-09-08
S00409,법학과,4학년,7학기,2.69,190,2024-07-23,240,2018-08-14
S00410,전자공학과,2학년,3학기,2.17,265,2025-02-21,315,2019-12-24
S00411,사회학과,3학년,5학기,3.96,295,2024-11-17,,
S00412,경제학과,2학년,3학기,4.23,720,2025-08-31,720,2019-07-02
S00413,디자인학과,2학년,3학기,1.81,165,2025-12-27,170,2023-01-08
S00414,미디어커뮤니케이션학과,4학년,7학기,1.70,545,2025-05-02,,
S00415,법학과,1학년,1학기,3.07,685,2024-10-12,685,2019-02-18
S00416,사회학과,4학년,7학기,3.17,210,2025-04-16,210,2024-11-22
S00417,미디어커뮤니케이션학과,1학년,1학기,2.82,725,2025-09-18,725,2026-02-10
S00418,미디어커뮤니케이션학과,1학년,2학기,4.33,990,2025-09-07,990,2019-04-30
S00419,법학과,3학년,5학기,2.19,765,2024-05-13,790,2019-07-13
S00420,교육학과,3학년,5학기,3.92,615,2024-08-05,630,2022-09-22
S00421,기계공학과,4학년,7학기,2.60,640,2026-02-05,,
S00422,디자인학과,3학년,6학기,2.28,170,2024-04-30,175,2023-03-01
S00423,경영학부,3학년,6학기,3.64,455,2024-12-17,,
S00424,법학과,2학년,4학기,2.84,645,2024-11-10,,
S00425,전자공학과,1학년,2학기,2.87,195,2025-10-28,195,2026-01-12
S00426,기계공학과,1학년,1학기,2.05,,,470,2025-02-11
S00427,행정학과,1학년,1학기,4.22,795,2024-07-08,835,2019-08-06
S00428,물리학과,2학년,4학기,2.10,,,150,2025-07-29
S00429,컴퓨터공학과,4학년,8학기,3.55,,,860,2019-06-02
S00430,법학과,4학년,8학기,1.87,525,2025-04-25,550,2021-10-30
S00431,화학과,4학년,7학기,3.83,860,2025-04-13,,
S00432,행정학과,1학년,1학기,4.00,850,2025-06-30,910,2026-02-08
S00433,경제학과,4학년,7학기,1.57,770,2025-01-04,770,2019-05-30
S00434,경영학부,2학년,3학기,1.79,765,2024-07-06,765,2019-07-21
S00435,건축학과,3학년,5학기,4.37,625,2025-01-21,655,2023-04-30
S00436,법학과,3학년,5학기,3.85,345,2024-10-04,380,2020-12-16
S00437,교육학과,1학년,1학기,3.02,905,2025-09-04,,
S00438,컴퓨터공학과,4학년,7학기,2.73,675,2024-06-01,675,2018-03-24
S00439,경제학과,3학년,6학기,3.19,880,2024-12-14,890,2023-04-12
S00440,영어영문학과,1학년,1학기,3.20,645,2024-05-10,670,2020-09-22
S00441,기계공학과,4학년,7학기,2.48,500,2025-09-19,500,2018-06-09
S00442,건축학과,4학년,8학기,4.46,870,2025-04-03,870,2022-08-13
S00443,디자인학과,3학년,6학기,1.96,430,2025-06-20,430,2018-06-14
S00444,간호학과,3학년,6학기,1.76,,,310,2025-02-19
S00445,디자인학과,1학년,2학기,3.14,,,,
S00446,생명과학과,4학년,8학기,1.77,520,2025-04-13,575,2024-10-07
S00447,전자공학과,1학년,2학기,2.58,335,2026-03-28,335,2026-03-28
S00448,경제학과,4학년,8학기,3.42,790,2025-03-06,790,2019-03-08
S00449,교육학과,1학년,1학기,2.51,,,535,2022-07-30
S00450,경제학과,1학년,1학기,3.22,420,2026-01-15,460,2019-12-08
S00451,물리학과,4학년,8학기,4.18,990,2024-06-16,990,2025-08-17
S00452,물리학과,4학년,8학기,4.45,925,2026-03-22,935,2022-03-07
S00453,화학과,1학년,2학기,4.47,795,2025-11-19,825,2025-12-25
S00454,전자공학과,3학년,6학기,2.23,540,2025-11-04,580,2023-10-25
S00455,경영학부,2학년,3학기,2.92,850,2024-07-21,860,2024-12-13
S00456,미디어커뮤니케이션학과,4학년,7학기,2.25,285,2026-01-25,285,2024-02-15
S00457,국제학부,1학년,1학기,2.05,475,2025-08-05,475,2021-07-02
S00458,디자인학과,4학년,8학기,2.32,515,2024-11-09,515,2018-01-31
S00459,심리학과,2학년,3학기,3.77,305,2024-11-26,315,2024-02-09
S00460,경영학부,3학년,6학기,3.39,745,2026-04-01,745,2020-08-01
S00461,영어영문학과,3학년,5학기,1.87,,,205,2019-04-12
S00462,행정학과,1학년,1학기,3.34,810,2026-01-19,860,2025-09-11
S00463,간호학과,4학년,8학기,3.38,795,2025-10-09,795,2024-03-04
S00464,건축학과,1학년,2학기,1.64,365,2025-01-25,365,2021-11-24
S00465,기계공학과,3학년,6학기,4.12,415,2024-07-23,415,2021-01-15
S00466,화학과,2학년,3학기,4.48,655,2026-02-04,710,2019-04-27
S00467,디자인학과,4학년,8학기,1.63,670,2024-08-02,670,2018-06-23
S00468,기계공학과,2학년,3학기,4.19,600,2026-04-13,625,2022-05-31
S00469,영어영문학과,3학년,5학기,2.84,630,2024-09-13,640,2019-11-06
S00470,기계공학과,2학년,3학기,3.48,595,2025-06-27,605,2019-06-06
S00471,심리학과,2학년,4학기,3.87,915,2025-09-16,980,2022-12-11
S00472,물리학과,3학년,6학기,4.29,570,2025-11-15,630,2020-06-16
S00473,사회학과,2학년,4학기,3.91,895,2024-07-04,,
S00474,심리학과,3학년,5학기,4.15,610,2026-03-07,610,2023-03-21
S00475,경영학부,3학년,5학기,2.13,620,2025-09-25,620,2019-06-28
S00476,국제학부,1학년,2학기,4.26,430,2024-11-20,445,2018-08-19
S00477,교육학과,1학년,2학기,3.81,,,365,2022-02-19
S00478,전자공학과,2학년,4학기,3.90,,,640,2021-06-29
S00479,디자인학과,2학년,4학기,2.24,575,2025-04-14,580,2019-10-09
S00480,경영학부,3학년,6학기,3.93,850,2025-07-23,850,2022-10-13
S00481,물리학과,2학년,4학기,3.69,500,2024-11-28,510,2026-01-01
S00482,생명과학과,1학년,1학기,3.60,310,2025-07-30,310,2023-10-14
S00483,간호학과,4학년,7학기,3.05,365,2025-03-31,365,2024-07-24
S00484,행정학과,3학년,6학기,1.85,405,2025-06-17,415,2019-09-08
S00485,전자공학과,3학년,6학기,4.50,925,2025-12-03,955,2024-08-31
S00486,사회학과,1학년,2학기,2.44,210,2025-03-24,210,2026-03-14
S00487,행정학과,1학년,2학기,4.37,590,2025-07-10,590,2024-08-17
S00488,경제학과,3학년,6학기,1.93,580,2026-03-04,640,2023-10-26
S00489,물리학과,4학년,7학기,4.45,,,990,2018-03-29
S00490,간호학과,2학년,4학기,3.33,,,,
S00491,심리학과,4학년,7학기,3.38,,,585,2024-08-11
S00492,경영학부,1학년,2학기,2.25,,,595,2020-07-30
S00493,간호학과,3학년,5학기,2.08,570,2024-09-07,580,2025-02-01
S00494,디자인학과,3학년,6학기,3.94,795,2026-02-13,,
S00495,교육학과,3학년,6학기,3.68,,,480,2020-12-17
S00496,기계공학과,4학년,8학기,4.47,450,2024-06-17,510,2018-09-02
S00497,물리학과,1학년,1학기,2.89,,,875,2019-06-29
S00498,영어영문학과,4학년,8학기,2.72,900,2024-04-27,900,2019-09-27
S00499,화학과,4학년,7학기,2.81,310,2026-04-19,330,2018-09-03
S00500,미디어커뮤니케이션학과,2학년,3학기,3.76,915,2025-07-17,,
S00501,미디어커뮤니케이션학과,4학년,7학기,3.09,655,2025-01-01,710,2021-03-12
S00502,화학과,3학년,5학기,3.34,430,2024-05-27,430,2024-02-04
S00503,경제학과,2학년,4학기,2.65,,,325,2018-10-10
S00504,건축학과,3학년,5학기,2.46,675,2025-07-18,730,2019-12-18
S00505,디자인학과,3학년,5학기,3.42,,,810,2023-10-17
S00506,법학과,3학년,6학기,1.80,685,2026-03-01,685,2022-06-30
S00507,생명과학과,1학년,2학기,2.40,730,2024-09-05,750,2023-02-13
S00508,국제학부,2학년,3학기,3.84,520,2024-10-27,520,2026-02-28
S00509,화학과,3학년,6학기,2.19,635,2024-05-04,675,2025-09-30
S00510,경영학부,2학년,4학기,3.69,,,,
S00511,영어영문학과,4학년,8학기,3.72,630,2025-02-18,630,2020-07-04
S00512,전자공학과,1학년,2학기,1.71,560,2024-10-31,605,2019-12-14
S00513,생명과학과,2학년,4학기,3.60,880,2024-04-30,880,2018-02-27
S00514,법학과,3학년,5학기,1.73,495,2024-06-03,500,2024-04-15
S00515,교육학과,2학년,4학기,4.16,520,2025-12-03,540,2020-11-25
S00516,화학과,3학년,5학기,1.78,285,2024-07-24,285,2021-07-10
S00517,전자공학과,1학년,1학기,3.42,715,2025-06-21,715,2018-02-01
S00518,사회학과,1학년,1학기,2.93,205,2025-04-15,205,2018-08-11
S00519,전자공학과,4학년,8학기,4.00,475,2025-05-31,475,2025-04-23
S00520,교육학과,2학년,4학기,3.99,750,2024-05-08,750,2024-03-25
S00521,간호학과,2학년,3학기,2.79,535,2025-10-21,535,2020-01-21
S00522,건축학과,2학년,3학기,2.42,390,2024-08-11,420,2024-12-29
S00523,법학과,1학년,2학기,3.87,755,2024-10-09,755,2022-02-15
S00524,디자인학과,4학년,7학기,2.30,585,2025-06-05,585,2019-05-03
S00525,기계공학과,1학년,1학기,1.93,,,265,2024-10-28
S00526,컴퓨터공학과,4학년,7학기,4.43,680,2024-09-07,680,2019-09-04
S00527,미디어커뮤니케이션학과,1학년,2학기,2.86,180,2024-12-22,210,2020-02-07
S00528,교육학과,4학년,7학기,1.92,,,175,2018-04-29
S00529,심리학과,4학년,8학기,2.28,740,2024-08-05,740,2022-04-06
S00530,디자인학과,3학년,6학기,2.94,155,2025-02-06,160,2025-12-03
S00531,심리학과,1학년,2학기,3.27,,,235,2022-03-24
S00532,심리학과,4학년,8학기,2.44,645,2024-10-18,645,2019-04-25
S00533,간호학과,4학년,8학기,4.24,580,2025-11-26,580,2018-05-17
S00534,국제학부,3학년,5학기,4.21,530,2025-06-18,595,2018-03-15
S00535,국제학부,3학년,5학기,3.84,685,2026-03-28,740,2018-09-14
S00536,경영학부,3학년,6학기,3.90,,,,
S00537,생명과학과,1학년,2학기,3.46,885,2025-03-10,885,2023-10-14
S00538,법학과,3학년,6학기,2.87,255,2024-12-11,325,2021-07-22
S00539,국제학부,1학년,2학기,2.92,,,325,2020-06-07
S00540,경제학과,2학년,4학기,3.45,745,2025-01-24,795,2018-12-18
S00541,통계학과,3학년,5학기,3.83,715,2025-09-02,770,2019-05-30
S00542,통계학과,1학년,1학기,3.68,910,2025-03-14,950,2022-07-01
S00543,미디어커뮤니케이션학과,4학년,7학기,2.95,870,2024-07-18,870,2023-08-07
S00544,교육학과,1학년,2학기,4.30,,,840,2022-12-17
S00545,영어영문학과,2학년,4학기,3.92,,,910,2020-02-27
S00546,통계학과,1학년,1학기,4.06,800,2025-09-11,845,2023-02-08
S00547,경영학부,3학년,6학기,3.81,655,2025-09-13,655,2019-07-19
S00548,생명과학과,1학년,1학기,2.23,,,385,2020-11-10
S00549,행정학과,2학년,3학기,3.75,,,720,2019-04-26
S00550,간호학과,2학년,3학기,1.97,365,2024-12-05,400,2019-01-03
S00551,전자공학과,2학년,3학기,2.62,540,2026-01-05,545,2020-09-05
S00552,사회학과,2학년,3학기,1.98,795,2025-09-26,805,2022-06-07
S00553,영어영문학과,4학년,7학기,3.87,770,2025-02-06,840,2021-10-17
S00554,국제학부,2학년,4학기,2.29,440,2025-08-30,445,2018-04-22
S00555,건축학과,2학년,3학기,1.76,220,2024-08-05,220,2018-06-03
S00556,법학과,2학년,3학기,4.01,975,2025-03-08,975,2021-04-23
S00557,전자공학과,4학년,7학기,4.24,640,2026-04-14,640,2019-10-10
S00558,컴퓨터공학과,1학년,2학기,3.01,660,2024-11-06,715,2023-09-10
S00559,화학과,3학년,5학기,4.29,460,2025-05-30,460,2021-05-22
S00560,전자공학과,2학년,3학기,3.09,650,2025-12-24,650,2023-05-08
S00561,행정학과,2학년,3학기,2.75,625,2025-03-15,625,2020-05-14
S00562,건축학과,4학년,8학기,2.57,480,2026-02-12,,
S00563,경영학부,4학년,8학기,4.25,,,395,2021-11-20
S00564,전자공학과,4학년,8학기,2.40,630,2025-04-18,675,2018-12-17
S00565,사회학과,4학년,7학기,4.02,940,2025-04-30,955,2025-12-27
S00566,경제학과,1학년,1학기,3.18,400,2026-01-26,,
S00567,건축학과,4학년,7학기,2.31,750,2024-09-19,770,2025-02-23
S00568,생명과학과,1학년,2학기,3.81,290,2026-01-15,290,2021-07-22
S00569,통계학과,1학년,1학기,1.70,460,2025-02-04,495,2018-12-26
S00570,물리학과,3학년,5학기,3.48,680,2024-07-02,745,2023-06-25
S00571,건축학과,4학년,8학기,1.77,,,650,2025-01-29
S00572,전자공학과,1학년,1학기,3.72,325,2024-07-06,325,2018-12-09
S00573,기계공학과,1학년,2학기,2.18,555,2025-12-14,555,2020-06-17
S00574,국제학부,1학년,2학기,1.55,,,595,2020-03-25
S00575,교육학과,3학년,6학기,4.29,955,2025-01-20,955,2020-03-29
S00576,전자공학과,2학년,3학기,2.55,165,2025-05-09,165,2024-02-20
S00577,통계학과,3학년,6학기,1.92,115,2025-04-27,115,2022-12-28
S00578,간호학과,4학년,7학기,2.81,710,2024-06-10,775,2024-01-23
S00579,통계학과,4학년,7학기,2.06,380,2026-04-15,400,2025-05-24
S00580,생명과학과,4학년,7학기,1.85,670,2025-07-10,,
S00581,행정학과,3학년,6학기,4.22,685,2024-11-27,685,2021-12-20
S00582,화학과,1학년,1학기,2.00,400,2025-10-01,400,2025-08-25
S00583,전자공학과,2학년,3학기,4.14,435,2025-08-06,435,2022-10-16
S00584,영어영문학과,1학년,2학기,3.82,530,2024-10-15,530,2025-11-09
S00585,건축학과,2학년,4학기,2.86,750,2024-07-09,755,2024-05-03
S00586,디자인학과,3학년,6학기,3.23,740,2025-09-03,780,2024-03-12
S00587,디자인학과,3학년,6학기,1.75,210,2025-12-31,210,2020-02-14
S00588,전자공학과,3학년,6학기,3.13,475,2024-06-06,,
S00589,간호학과,2학년,3학기,4.32,310,2024-08-29,385,2025-05-03
S00590,통계학과,1학년,1학기,2.23,,,450,2021-03-23
S00591,건축학과,3학년,6학기,3.88,915,2024-09-08,915,2024-08-02
S00592,행정학과,2학년,3학기,3.88,510,2026-04-03,510,2022-12-02
S00593,행정학과,3학년,5학기,2.32,235,2025-01-17,300,2025-12-27
S00594,국제학부,4학년,8학기,1.68,785,2025-11-10,830,2020-01-07
S00595,디자인학과,4학년,7학기,1.93,800,2025-09-14,805,2019-01-12
S00596,기계공학과,2학년,3학기,4.28,,,515,2020-11-27
S00597,화학과,3학년,5학기,3.97,340,2024-07-25,340,2020-11-26
S00598,경제학과,1학년,2학기,4.21,360,2025-09-28,405,2024-11-03
S00599,전자공학과,1학년,2학기,4.20,900,2025-09-10,915,2024-04-23
S00600,법학과,4학년,8학기,3.50,825,2025-03-28,880,2023-05-12
S00601,미디어커뮤니케이션학과,1학년,1학기,2.41,,,560,2018-10-11
S00602,통계학과,1학년,2학기,1.88,705,2024-09-04,705,2019-01-20
S00603,경제학과,3학년,5학기,2.68,345,2025-09-22,395,2018-12-31
S00604,기계공학과,3학년,6학기,3.65,,,655,2025-08-15
S00605,교육학과,1학년,1학기,3.90,325,2024-12-12,325,2021-04-15
S00606,사회학과,3학년,5학기,3.37,530,2025-07-12,530,2019-08-15
S00607,교육학과,1학년,1학기,3.76,700,2025-06-23,700,2025-02-17
S00608,행정학과,3학년,6학기,2.74,555,2025-03-10,,
S00609,컴퓨터공학과,2학년,4학기,3.32,265,2024-06-15,305,2019-11-14
S00610,경영학부,2학년,3학기,2.66,,,675,2024-02-08
S00611,행정학과,3학년,5학기,2.28,265,2025-06-29,310,2025-07-03
S00612,영어영문학과,2학년,4학기,2.93,550,2026-02-21,595,2022-12-03
S00613,컴퓨터공학과,2학년,4학기,2.33,510,2025-12-05,510,2024-10-27
S00614,화학과,3학년,6학기,2.14,440,2026-03-24,440,2021-05-24
S00615,물리학과,1학년,1학기,2.36,490,2025-05-10,490,2020-06-17
S00616,건축학과,2학년,4학기,2.97,300,2025-09-20,325,2021-04-30
S00617,건축학과,2학년,3학기,3.48,,,,
S00618,심리학과,4학년,7학기,2.49,360,2025-05-07,370,2024-12-12
S00619,심리학과,3학년,6학기,4.37,610,2024-05-27,610,2021-04-24
S00620,생명과학과,1학년,2학기,2.46,,,455,2024-06-28
S00621,기계공학과,4학년,8학기,4.15,780,2024-11-01,780,2022-06-18
S00622,디자인학과,4학년,7학기,2.44,630,2025-04-13,630,2023-08-17
S00623,국제학부,3학년,6학기,1.61,290,2025-12-01,300,2021-06-25
S00624,건축학과,2학년,3학기,3.15,545,2026-03-09,,
S00625,전자공학과,1학년,2학기,1.65,100,2024-07-03,110,2024-01-01
S00626,경영학부,1학년,2학기,3.20,650,2024-11-21,650,2019-04-24
S00627,컴퓨터공학과,1학년,2학기,2.23,785,2025-03-22,785,2020-01-09
S00628,영어영문학과,4학년,7학기,3.35,305,2025-02-25,,
S00629,영어영문학과,4학년,8학기,2.21,425,2026-04-10,,
S00630,간호학과,2학년,4학기,3.41,,,825,2021-07-05
S00631,행정학과,1학년,2학기,4.29,795,2024-11-26,825,2023-08-07
S00632,국제학부,1학년,2학기,2.95,280,2026-03-09,280,2025-12-15
S00633,법학과,4학년,8학기,4.35,480,2025-08-13,480,2023-01-19
S00634,심리학과,3학년,6학기,3.10,915,2025-07-30,915,2023-08-07
S00635,심리학과,3학년,5학기,3.68,475,2025-06-16,475,2018-02-25
S00636,교육학과,4학년,7학기,1.86,,,150,2022-05-30
S00637,간호학과,3학년,5학기,3.97,,,670,2022-02-12
S00638,영어영문학과,4학년,7학기,2.38,,,,
S00639,경영학부,2학년,3학기,4.24,785,2025-11-26,785,2024-04-26
S00640,영어영문학과,2학년,3학기,4.27,990,2025-01-29,990,2019-02-26
S00641,법학과,1학년,1학기,4.08,465,2025-04-12,465,2024-05-27
S00642,간호학과,3학년,5학기,2.86,,,835,2025-02-03
S00643,통계학과,1학년,1학기,2.12,695,2024-05-10,695,2022-08-04
S00644,법학과,3학년,6학기,3.89,350,2024-09-08,350,2020-04-13
S00645,생명과학과,1학년,1학기,2.80,415,2024-06-01,415,2023-04-18
S00646,사회학과,2학년,4학기,3.38,225,2025-10-09,300,2018-11-23
S00647,화학과,3학년,5학기,3.65,875,2024-07-10,,
S00648,기계공학과,3학년,5학기,4.20,725,2024-07-06,725,2025-09-02
S00649,화학과,2학년,4학기,3.41,,,420,2020-08-17
S00650,경영학부,3학년,5학기,3.27,365,2025-04-12,365,2021-12-02
S00651,법학과,2학년,4학기,4.25,,,635,2024-06-15
S00652,사회학과,1학년,2학기,3.02,480,2025-12-29,485,2024-08-22
S00653,법학과,2학년,4학기,2.84,630,2026-03-14,650,2019-09-29
S00654,통계학과,1학년,2학기,4.24,450,2025-12-25,,
S00655,경제학과,3학년,5학기,3.43,660,2024-08-17,725,2024-10-31
S00656,사회학과,1학년,1학기,2.03,770,2025-03-27,805,2022-04-20
S00657,미디어커뮤니케이션학과,3학년,6학기,1.86,750,2025-01-09,765,2024-05-12
S00658,간호학과,1학년,1학기,3.08,185,2024-12-19,215,2024-01-06
S00659,컴퓨터공학과,1학년,1학기,2.10,,,560,2019-07-24
S00660,국제학부,4학년,7학기,2.93,370,2025-05-20,370,2025-06-28
S00661,법학과,2학년,3학기,3.03,695,2024-06-03,695,2019-09-21
S00662,컴퓨터공학과,3학년,6학기,2.40,665,2024-09-30,665,2021-11-26
S00663,기계공학과,4학년,7학기,4.13,,,755,2025-02-06
S00664,영어영문학과,3학년,5학기,3.11,570,2025-09-01,590,2023-02-03
S00665,컴퓨터공학과,2학년,3학기,3.69,390,2024-09-08,390,2019-06-05
S00666,화학과,2학년,3학기,3.49,265,2026-03-20,300,2021-11-30
S00667,사회학과,4학년,8학기,2.36,,,385,2021-06-21
S00668,전자공학과,2학년,3학기,3.98,,,560,2019-08-02
S00669,컴퓨터공학과,1학년,2학기,4.23,885,2025-01-01,940,2025-01-28
S00670,영어영문학과,3학년,6학기,2.13,595,2026-02-24,595,2018-09-07
S00671,통계학과,3학년,5학기,2.25,695,2024-07-10,715,2024-09-06
S00672,화학과,3학년,6학기,2.28,255,2026-02-07,255,2018-02-25
S00673,심리학과,3학년,5학기,3.31,,,565,2020-02-16
S00674,미디어커뮤니케이션학과,1학년,1학기,2.49,535,2024-08-05,,
S00675,화학과,1학년,1학기,1.95,395,2025-09-08,,
S00676,통계학과,1학년,1학기,2.62,320,2025-01-29,320,2022-08-20
S00677,법학과,1학년,1학기,3.58,,,415,2022-10-17
S00678,기계공학과,2학년,3학기,3.29,775,2024-11-17,775,2022-12-26
S00679,경영학부,2학년,3학기,4.26,610,2026-03-22,,
S00680,생명과학과,4학년,8학기,3.28,455,2025-08-28,500,2025-11-08
S00681,법학과,4학년,7학기,4.07,590,2025-04-02,610,2020-07-24
S00682,통계학과,4학년,8학기,2.85,430,2024-06-16,430,2021-01-04
S00683,교육학과,3학년,5학기,2.52,265,2025-08-18,265,2019-09-20
S00684,사회학과,2학년,4학기,4.06,890,2025-01-31,915,2023-11-01
S00685,경영학부,4학년,8학기,2.33,415,2025-10-02,440,2025-05-26
S00686,화학과,2학년,4학기,4.38,615,2026-02-25,615,2025-11-24
S00687,경영학부,3학년,5학기,3.80,630,2025-12-08,670,2024-08-08
S00688,심리학과,4학년,8학기,3.16,940,2025-01-11,940,2023-10-31
S00689,간호학과,4학년,8학기,3.39,280,2024-07-07,280,2018-08-13
S00690,미디어커뮤니케이션학과,4학년,8학기,2.18,320,2025-03-07,335,2018-04-24
S00691,물리학과,3학년,6학기,3.82,500,2024-05-28,515,2020-02-26
S00692,교육학과,2학년,3학기,3.62,,,710,2021-11-16
S00693,디자인학과,3학년,5학기,3.90,690,2024-08-04,700,2021-01-30
S00694,물리학과,3학년,6학기,3.11,865,2025-10-03,880,2022-06-21
S00695,행정학과,3학년,6학기,2.52,,,595,2019-03-15
S00696,물리학과,3학년,5학기,2.09,190,2024-07-24,190,2023-07-24
S00697,경영학부,4학년,7학기,1.75,720,2026-01-07,720,2022-06-02
S00698,간호학과,4학년,8학기,2.05,,,705,2018-11-26
S00699,사회학과,3학년,6학기,4.25,905,2025-04-04,925,2023-09-29
S00700,교육학과,1학년,2학기,2.39,560,2024-11-17,560,2024-04-12
S00701,물리학과,1학년,1학기,2.03,590,2025-04-04,635,2018-09-20
S00702,경제학과,1학년,1학기,4.10,540,2026-01-25,580,2021-11-11
S00703,경영학부,2학년,4학기,2.64,645,2025-10-18,700,2021-02-28
S00704,통계학과,2학년,4학기,2.60,,,815,2018-02-13
S00705,디자인학과,2학년,4학기,2.83,765,2025-11-26,765,2023-01-29
S00706,간호학과,2학년,3학기,2.93,275,2024-12-18,275,2018-02-25
S00707,국제학부,2학년,3학기,4.37,650,2026-03-14,650,2022-01-26
S00708,행정학과,1학년,2학기,3.93,825,2024-06-15,840,2021-02-05
S00709,경영학부,2학년,3학기,2.57,180,2025-07-03,215,2022-02-21
S00710,전자공학과,3학년,5학기,1.92,740,2026-02-19,740,2019-11-16
S00711,경영학부,4학년,7학기,2.69,,,280,2020-11-14
S00712,영어영문학과,1학년,1학기,2.43,870,2025-03-18,870,2024-05-25
S00713,생명과학과,4학년,7학기,1.98,290,2024-11-22,290,2021-12-07
S00714,기계공학과,4학년,8학기,2.47,345,2025-09-25,390,2020-07-30
S00715,물리학과,3학년,5학기,3.00,410,2026-03-25,420,2026-02-23
S00716,간호학과,2학년,3학기,3.23,610,2024-11-13,610,2023-08-05
S00717,디자인학과,4학년,8학기,2.16,305,2025-06-30,315,2022-08-10
S00718,경영학부,3학년,6학기,2.76,450,2024-10-19,450,2019-05-04
S00719,행정학과,4학년,7학기,3.88,265,2025-11-23,265,2019-07-27
S00720,전자공학과,1학년,1학기,3.12,625,2025-06-21,675,2021-09-15
S00721,전자공학과,3학년,6학기,3.10,575,2026-01-25,635,2020-03-14
S00722,컴퓨터공학과,2학년,4학기,3.58,875,2025-08-14,875,2023-02-16
S00723,경제학과,1학년,2학기,3.30,580,2025-11-06,640,2018-08-08
S00724,통계학과,4학년,7학기,4.44,510,2025-01-25,525,2022-12-21
S00725,경제학과,2학년,4학기,3.77,745,2024-05-17,745,2023-12-05
S00726,국제학부,4학년,7학기,2.71,440,2026-01-01,,
S00727,미디어커뮤니케이션학과,3학년,5학기,2.65,385,2024-10-22,410,2018-04-09
S00728,국제학부,3학년,5학기,3.47,,,550,2018-04-08
S00729,간호학과,2학년,4학기,3.31,855,2026-01-25,855,2018-02-05
S00730,경제학과,2학년,3학기,3.79,285,2025-09-21,345,2020-03-06
S00731,법학과,4학년,7학기,4.02,860,2025-08-26,930,2025-06-01
S00732,생명과학과,1학년,2학기,1.99,515,2026-02-07,,
S00733,국제학부,3학년,5학기,3.76,785,2025-12-21,820,2025-07-29
S00734,경영학부,4학년,7학기,3.39,820,2025-09-23,850,2023-08-30
S00735,전자공학과,2학년,4학기,2.68,770,2024-10-09,770,2022-03-11
S00736,국제학부,2학년,4학기,3.80,825,2025-12-31,825,2020-07-17
S00737,경제학과,2학년,3학기,1.59,,,,
S00738,사회학과,4학년,8학기,3.06,420,2025-05-21,445,2020-12-30
S00739,경제학과,2학년,3학기,3.50,660,2025-10-20,660,2018-04-05
S00740,사회학과,1학년,2학기,2.84,725,2024-09-16,810,2024-12-03
S00741,간호학과,4학년,8학기,3.65,515,2024-10-15,525,2022-11-03
S00742,영어영문학과,2학년,4학기,2.18,,,315,2021-08-21
S00743,디자인학과,3학년,5학기,3.73,905,2025-09-11,905,2019-08-06
S00744,법학과,3학년,6학기,2.41,280,2025-11-13,280,2023-03-26
S00745,미디어커뮤니케이션학과,1학년,1학기,2.81,730,2024-12-25,730,2023-04-22
S00746,디자인학과,2학년,3학기,2.33,340,2025-07-06,365,2019-10-12
S00747,전자공학과,4학년,7학기,4.49,680,2025-07-09,690,2018-07-17
S00748,경영학부,3학년,5학기,3.86,775,2024-10-16,775,2018-10-27
S00749,경영학부,3학년,6학기,4.34,465,2025-08-09,545,2018-06-30
S00750,간호학과,4학년,7학기,3.83,740,2026-01-28,740,2026-01-20
S00751,컴퓨터공학과,1학년,1학기,2.12,175,2026-01-23,205,2023-10-02
S00752,간호학과,2학년,3학기,2.83,395,2024-12-14,415,2026-04-04
S00753,생명과학과,1학년,2학기,3.64,770,2025-10-28,770,2022-04-06
S00754,화학과,3학년,6학기,3.50,850,2025-04-07,860,2018-04-05
S00755,기계공학과,1학년,1학기,3.16,505,2025-10-12,,
S00756,기계공학과,1학년,1학기,2.29,395,2025-08-22,395,2025-10-06
S00757,전자공학과,4학년,8학기,3.69,760,2025-03-02,800,2023-02-05
S00758,교육학과,1학년,1학기,2.58,,,275,2020-12-03
S00759,간호학과,2학년,3학기,1.84,565,2025-09-22,,
S00760,국제학부,3학년,5학기,2.99,,,385,2022-12-07
S00761,교육학과,3학년,5학기,2.33,225,2024-07-10,300,2024-03-20
S00762,화학과,1학년,1학기,3.41,,,565,2025-11-12
S00763,컴퓨터공학과,4학년,7학기,2.69,525,2024-10-08,525,2025-06-18
S00764,기계공학과,2학년,4학기,4.41,645,2026-02-23,645,2021-01-17
S00765,화학과,4학년,8학기,1.95,,,320,2022-05-24
S00766,경영학부,2학년,4학기,2.18,610,2026-03-10,635,2025-02-07
S00767,국제학부,3학년,6학기,4.20,990,2024-05-15,990,2018-06-12
S00768,법학과,4학년,7학기,4.21,295,2025-08-30,,
S00769,교육학과,2학년,4학기,2.61,,,875,2023-03-19
S00770,심리학과,4학년,7학기,3.62,690,2025-04-10,705,2022-11-01
S00771,국제학부,4학년,7학기,3.67,880,2025-03-09,880,2026-03-22
S00772,화학과,2학년,4학기,2.46,,,170,2018-07-16
S00773,화학과,1학년,2학기,4.11,815,2025-07-09,865,2023-10-09
S00774,건축학과,3학년,6학기,2.24,295,2025-10-30,295,2025-06-06
S00775,미디어커뮤니케이션학과,1학년,1학기,2.64,305,2025-07-10,305,2023-01-05
S00776,컴퓨터공학과,3학년,6학기,1.71,215,2025-03-24,215,2018-05-11
S00777,국제학부,1학년,2학기,1.59,625,2024-10-21,625,2024-04-24
S00778,미디어커뮤니케이션학과,1학년,2학기,3.26,305,2025-07-11,305,2026-04-10
S00779,교육학과,3학년,5학기,2.36,,,810,2018-03-05
S00780,디자인학과,2학년,3학기,1.99,350,2025-12-30,385,2024-06-27
S00781,기계공학과,2학년,3학기,2.40,270,2024-10-16,275,2022-01-24
S00782,경제학과,4학년,7학기,2.43,,,530,2021-08-13
S00783,사회학과,4학년,8학기,3.45,290,2024-12-20,290,2018-09-03
S00784,물리학과,1학년,2학기,4.35,940,2025-03-12,945,2020-09-12
S00785,기계공학과,4학년,7학기,3.95,490,2024-06-20,490,2020-10-06
S00786,생명과학과,4학년,8학기,2.33,,,245,2020-03-31
S00787,국제학부,2학년,4학기,2.99,,,,
S00788,디자인학과,2학년,4학기,2.75,245,2026-04-12,250,2021-08-04
S00789,전자공학과,3학년,5학기,4.20,,,825,2024-01-31
S00790,교육학과,4학년,8학기,4.38,,,655,2022-08-31
S00791,행정학과,3학년,6학기,1.82,415,2024-11-08,415,2021-10-03
S00792,경영학부,3학년,6학기,2.53,310,2024-12-06,310,2020-05-10
S00793,통계학과,3학년,5학기,1.92,270,2024-07-23,325,2021-03-25
S00794,미디어커뮤니케이션학과,3학년,5학기,1.85,370,2024-11-27,380,2021-11-23
S00795,디자인학과,3학년,5학기,1.77,665,2024-08-03,665,2019-09-11
S00796,국제학부,3학년,5학기,4.31,,,845,2021-06-07
S00797,전자공학과,1학년,1학기,3.46,575,2024-10-08,575,2021-09-13
S00798,사회학과,3학년,6학기,2.33,265,2025-10-17,325,2023-12-22
S00799,미디어커뮤니케이션학과,4학년,8학기,1.71,325,2025-04-29,380,2023-05-13
S00800,경제학과,2학년,4학기,3.73,870,2025-07-24,875,2023-06-14
S00801,미디어커뮤니케이션학과,1학년,1학기,2.64,785,2024-10-15,785,2018-02-10
S00802,화학과,1학년,1학기,3.93,865,2025-02-15,865,2025-01-18
S00803,행정학과,1학년,2학기,1.97,215,2025-06-05,290,2023-09-26
S00804,국제학부,3학년,5학기,4.26,675,2024-10-10,675,2025-01-05
S00805,심리학과,3학년,6학기,1.98,520,2024-10-14,520,2018-03-08
S00806,교육학과,1학년,1학기,3.29,,,250,2018-02-05
S00807,전자공학과,1학년,1학기,4.01,640,2024-08-10,,
S00808,법학과,1학년,1학기,1.63,275,2025-12-21,275,2024-08-01
S00809,경제학과,3학년,5학기,2.20,800,2025-11-13,850,2021-09-01
S00810,경제학과,4학년,8학기,3.04,805,2025-01-10,,
S00811,디자인학과,1학년,2학기,3.19,,,185,2025-05-04
S00812,영어영문학과,2학년,4학기,4.24,745,2025-10-12,745,2018-08-07
S00813,디자인학과,2학년,4학기,3.61,720,2024-05-14,785,2022-02-22
S00814,국제학부,4학년,7학기,4.04,,,885,2024-04-11
S00815,디자인학과,4학년,7학기,2.36,,,560,2022-05-07
S00816,경영학부,1학년,2학기,2.22,640,2024-11-24,,
S00817,통계학과,1학년,1학기,2.98,635,2024-11-26,640,2018-11-08
S00818,심리학과,3학년,6학기,3.78,450,2026-02-02,450,2021-08-13
S00819,행정학과,4학년,8학기,3.92,300,2026-01-07,300,2024-05-10
S00820,기계공학과,2학년,3학기,3.38,465,2026-04-14,465,2025-01-03
S00821,영어영문학과,1학년,1학기,2.28,300,2024-08-30,375,2024-03-15
S00822,생명과학과,2학년,4학기,2.51,320,2026-01-03,335,2023-04-15
S00823,컴퓨터공학과,3학년,5학기,4.05,325,2025-12-16,370,2020-03-08
S00824,교육학과,1학년,2학기,3.82,305,2025-06-09,305,2025-08-16
S00825,물리학과,4학년,8학기,3.21,250,2024-07-01,290,2019-08-04
S00826,경영학부,3학년,6학기,3.00,355,2026-03-07,355,2022-03-15
S00827,국제학부,4학년,7학기,4.21,950,2025-01-04,950,2023-06-07
S00828,디자인학과,4학년,8학기,2.54,180,2026-01-25,,
S00829,기계공학과,2학년,3학기,3.61,445,2024-12-30,500,2023-12-31
S00830,기계공학과,4학년,8학기,4.08,970,2024-12-01,970,2020-12-29
S00831,전자공학과,3학년,5학기,3.33,210,2026-01-16,305,2021-04-29
S00832,생명과학과,1학년,2학기,3.40,310,2025-05-01,345,2023-12-01
S00833,간호학과,4학년,7학기,4.03,,,555,2024-02-08
S00834,생명과학과,2학년,3학기,3.86,920,2025-06-01,920,2020-03-08
S00835,영어영문학과,1학년,1학기,3.53,480,2024-08-05,500,2018-01-16
S00836,사회학과,3학년,5학기,2.76,,,840,2019-10-05
S00837,건축학과,1학년,2학기,2.74,385,2025-07-31,,
S00838,건축학과,2학년,3학기,2.88,325,2024-06-13,370,2019-01-26
S00839,법학과,2학년,3학기,2.55,,,215,2021-03-16
S00840,생명과학과,3학년,6학기,3.99,685,2024-10-20,700,2024-10-08
S00841,기계공학과,3학년,6학기,1.72,505,2024-10-28,505,2023-12-09
S00842,기계공학과,2학년,3학기,4.35,910,2025-02-25,925,2019-03-09
S00843,기계공학과,1학년,2학기,2.16,560,2025-11-09,560,2024-09-30
S00844,법학과,1학년,2학기,3.79,670,2025-05-19,675,2019-02-16
S00845,간호학과,2학년,4학기,3.18,635,2025-07-07,640,2022-04-04
S00846,생명과학과,2학년,3학기,2.37,,,670,2019-06-14
S00847,법학과,1학년,2학기,3.58,880,2024-10-31,,
S00848,경제학과,2학년,4학기,1.91,720,2025-04-08,720,2022-10-23
S00849,국제학부,4학년,8학기,3.99,990,2025-09-13,990,2023-10-17
S00850,교육학과,4학년,7학기,2.60,465,2026-01-23,490,2018-11-19
S00851,물리학과,2학년,3학기,4.21,990,2024-05-30,990,2020-03-25
S00852,기계공학과,4학년,8학기,3.41,430,2024-11-08,430,2019-09-25
S00853,통계학과,3학년,5학기,3.63,,,440,2023-02-18
S00854,통계학과,2학년,4학기,2.84,720,2024-09-08,755,2019-09-22
S00855,전자공학과,2학년,3학기,1.93,260,2024-05-18,260,2023-01-20
S00856,경제학과,3학년,5학기,2.15,,,415,2021-04-13
S00857,국제학부,1학년,1학기,3.22,585,2025-03-13,,
S00858,간호학과,4학년,8학기,3.09,645,2025-02-15,675,2020-01-06
S00859,행정학과,3학년,5학기,2.80,,,445,2021-05-30
S00860,디자인학과,1학년,2학기,2.53,695,2026-02-20,730,2023-05-18
S00861,사회학과,3학년,6학기,4.29,575,2025-10-15,575,2024-10-20
S00862,물리학과,1학년,2학기,3.08,340,2025-06-04,340,2020-06-19
S00863,건축학과,4학년,7학기,3.67,,,505,2025-07-28
S00864,물리학과,1학년,2학기,3.05,720,2026-02-14,795,2023-12-03
S00865,행정학과,2학년,3학기,4.24,910,2024-10-19,940,2019-10-04
S00866,물리학과,3학년,6학기,4.27,675,2025-02-28,675,2025-06-04
S00867,영어영문학과,3학년,6학기,3.27,,,565,2024-03-16
S00868,행정학과,4학년,7학기,3.05,570,2026-01-29,595,2021-12-15
S00869,전자공학과,3학년,6학기,2.66,370,2025-01-08,,
S00870,생명과학과,3학년,6학기,1.78,495,2025-01-05,575,2020-10-30
S00871,디자인학과,1학년,1학기,2.63,365,2025-07-14,420,2026-03-10
S00872,행정학과,2학년,4학기,2.77,,,620,2021-02-07
S00873,디자인학과,1학년,1학기,2.17,425,2025-03-03,460,2018-12-16
S00874,통계학과,4학년,8학기,2.94,770,2025-01-17,810,2024-09-23
S00875,행정학과,1학년,2학기,2.00,100,2025-02-28,135,2026-01-23
S00876,기계공학과,3학년,6학기,1.88,,,100,2023-03-19
S00877,심리학과,4학년,7학기,3.69,930,2025-03-10,940,2022-10-19
S00878,건축학과,3학년,6학기,4.17,670,2026-03-01,685,2025-08-14
S00879,전자공학과,2학년,3학기,4.50,745,2025-09-26,,
S00880,영어영문학과,2학년,4학기,4.35,,,420,2024-01-09
S00881,행정학과,4학년,7학기,3.38,755,2026-04-07,770,2024-12-20
S00882,국제학부,2학년,4학기,2.38,870,2025-10-10,870,2019-07-24
S00883,교육학과,4학년,8학기,3.71,290,2026-01-02,325,2023-10-07
S00884,물리학과,4학년,7학기,2.46,,,865,2018-04-20
S00885,교육학과,2학년,4학기,3.62,465,2025-04-29,465,2024-11-29
S00886,법학과,4학년,7학기,3.46,900,2024-12-18,900,2022-03-08
S00887,교육학과,2학년,4학기,2.52,505,2025-07-11,505,2022-05-09
S00888,심리학과,2학년,3학기,2.52,830,2025-04-05,830,2020-12-29
S00889,물리학과,1학년,1학기,1.88,510,2024-10-26,510,2025-07-24
S00890,사회학과,3학년,6학기,2.07,500,2025-04-08,500,2022-03-12
S00891,간호학과,4학년,8학기,3.82,430,2024-05-27,435,2024-09-09
S00892,법학과,3학년,6학기,4.33,950,2024-04-30,950,2024-07-26
S00893,컴퓨터공학과,3학년,5학기,2.13,,,665,2020-06-29
S00894,미디어커뮤니케이션학과,3학년,5학기,2.85,,,495,2020-03-30
S00895,물리학과,1학년,1학기,2.10,165,2025-05-10,165,2018-10-25
S00896,간호학과,2학년,3학기,4.25,870,2024-10-24,870,2021-12-01
S00897,교육학과,4학년,7학기,3.58,435,2024-06-12,435,2018-03-19
S00898,법학과,2학년,4학기,3.29,350,2025-04-30,,
S00899,행정학과,1학년,2학기,3.02,285,2024-06-02,285,2018-01-29
S00900,디자인학과,3학년,5학기,3.54,680,2025-07-11,680,2024-06-16
S00069,법학과,1학년,1학기,2.97,680,2024-07-03,705,2024-11-17
S00149,교육학과,2학년,3학기,3.71,,,475,2018-02-21
S00117,사회학과,2학년,3학기,3.73,780,2025-11-09,780,2020-09-12
S00075,심리학과,3학년,5학기,3.22,315,2025-08-06,335,2018-03-15
S00009,영어영문학과,1학년,2학기,1.81,555,2026-01-01,600,2020-11-20
S00170,디자인학과,3학년,5학기,1.69,705,2025-06-30,705,2018-09-03
S00046,디자인학과,3학년,5학기,4.33,695,2025-07-03,720,2023-08-14
S00043,법학과,1학년,2학기,3.18,440,2025-09-20,445,2022-11-08
S00165,경제학과,4학년,7학기,4.35,770,2024-10-11,770,2025-11-27
S00014,미디어커뮤니케이션학과,3학년,6학기,4.08,415,2025-08-08,415,2024-12-15
S00157,화학과,4학년,8학기,2.88,620,2025-04-09,,
S00140,물리학과,1학년,1학기,3.50,565,2025-11-19,610,2018-10-03
S00160,건축학과,2학년,3학기,3.15,,,370,2023-12-26
S00022,화학과,3학년,5학기,2.36,190,2024-05-24,220,2022-03-28
S00113,기계공학과,4학년,8학기,3.71,710,2025-08-30,715,2020-04-28
S00115,경영학부,2학년,3학기,4.07,490,2024-12-11,495,2018-01-11
S00041,간호학과,1학년,2학기,2.21,330,2025-12-16,385,2020-06-17
S00168,생명과학과,4학년,8학기,2.20,,,465,2022-04-17
S00082,사회학과,2학년,3학기,4.14,805,2025-05-21,810,2021-12-05
S00075,디자인학과,1학년,1학기,2.39,,,125,2019-05-16
S00126,국제학부,4학년,7학기,3.22,880,2025-02-08,900,2019-02-11
S00081,교육학과,3학년,5학기,3.73,,,745,2019-05-30
S00136,화학과,3학년,6학기,3.31,715,2025-06-06,715,2024-03-15
S00030,전자공학과,3학년,5학기,4.21,370,2024-09-16,375,2023-10-02
S00102,통계학과,1학년,1학기,3.76,910,2025-05-21,,
S00011,전자공학과,4학년,7학기,3.65,600,2026-03-10,,
S00180,기계공학과,2학년,3학기,4.40,395,2024-08-14,410,2023-05-15
S00058,국제학부,2학년,3학기,3.88,920,2024-04-28,920,2024-03-02
S00178,기계공학과,4학년,7학기,4.41,990,2024-12-08,990,2024-03-29
S00073,간호학과,4학년,7학기,3.14,310,2026-03-16,400,2019-08-28
S00103,생명과학과,4학년,8학기,2.15,395,2025-01-21,410,2020-09-10
S00039,경제학과,4학년,7학기,2.50,545,2025-02-26,545,2022-11-30
S00079,간호학과,3학년,6학기,4.50,625,2025-10-23,625,2023-06-26
S00108,심리학과,3학년,5학기,4.05,965,2025-06-15,965,2021-05-30
S00094,디자인학과,4학년,8학기,2.78,785,2025-08-15,850,2024-08-17
S00133,미디어커뮤니케이션학과,1학년,2학기,4.31,625,2026-03-14,625,2026-03-12
S00135,심리학과,3학년,5학기,2.17,245,2026-03-27,,
S00069,심리학과,2학년,4학기,3.42,,,405,2026-02-28
S00118,국제학부,4학년,8학기,2.36,,,420,2019-03-31
S00050,영어영문학과,3학년,5학기,3.48,,,500,2022-11-24
S00004,통계학과,3학년,5학기,2.52,765,2025-10-24,810,2024-04-09
S00117,영어영문학과,3학년,5학기,2.76,,,300,2018-12-15
S00167,전자공학과,3학년,6학기,4.00,745,2025-10-19,815,2022-12-28
S00174,심리학과,2학년,3학기,4.13,,,970,2020-04-26
S00024,경제학과,1학년,1학기,3.40,635,2025-07-04,640,2025-06-25
S00106,국제학부,1학년,1학기,3.10,810,2024-10-31,815,2025-04-25
S00027,물리학과,1학년,1학기,2.91,,,720,2019-01-28
S00056,사회학과,1학년,2학기,1.63,480,2025-12-24,505,2019-11-23
S00025,생명과학과,3학년,5학기,2.25,460,2025-05-07,460,2025-11-01
S00106,전자공학과,1학년,1학기,2.44,685,2025-07-23,725,2022-05-13
S00088,디자인학과,4학년,8학기,1.90,640,2025-12-20,,
S00126,미디어커뮤니케이션학과,2학년,4학기,3.41,405,2025-06-23,405,2018-12-23
S00146,기계공학과,2학년,3학기,2.61,795,2025-08-27,795,2021-02-10
S00111,통계학과,3학년,6학기,4.43,640,2025-11-21,655,2021-03-22
S00127,교육학과,1학년,1학기,2.63,610,2024-06-30,630,2022-09-22
S00177,물리학과,4학년,7학기,2.68,,,240,2019-05-08
S00110,법학과,3학년,6학기,2.80,550,2024-08-03,550,2024-10-23
S00016,디자인학과,1학년,1학기,3.14,485,2025-09-28,485,2023-09-22
S00115,전자공학과,3학년,5학기,1.96,,,730,2024-02-10
S00065,건축학과,2학년,4학기,2.71,,,,
S00125,물리학과,3학년,6학기,3.69,960,2026-01-08,960,2026-01-07
S00132,디자인학과,4학년,8학기,2.47,,,570,2024-01-31
S00131,간호학과,1학년,2학기,2.07,790,2024-05-17,,
S00072,경영학부,2학년,3학기,3.02,525,2026-01-31,555,2023-12-20
S00016,미디어커뮤니케이션학과,2학년,3학기,3.38,,,450,2025-02-17
S00052,화학과,4학년,8학기,2.42,500,2025-02-27,530,2021-11-08
S00085,경영학부,4학년,8학기,3.04,445,2026-01-10,480,2020-12-17
S00011,통계학과,1학년,2학기,3.49,385,2025-03-18,,
S00065,디자인학과,3학년,5학기,3.63,650,2026-03-28,660,2021-10-22
S00060,생명과학과,1학년,2학기,3.65,510,2024-05-13,565,2019-07-01
S00149,기계공학과,3학년,6학기,2.01,650,2024-12-30,650,2025-01-30
S00017,경영학부,4학년,7학기,3.90,345,2024-06-01,365,2023-10-13
S00019,기계공학과,4학년,7학기,2.32,450,2024-10-27,450,2022-01-26
S00033,통계학과,4학년,7학기,4.50,555,2024-11-06,580,2021-05-15
S00030,심리학과,1학년,2학기,2.76,750,2024-07-07,750,2019-02-23
S00156,영어영문학과,4학년,8학기,1.75,,,380,2019-10-01
S00114,물리학과,4학년,8학기,1.86,745,2024-11-09,750,2019-12-28
S00030,경제학과,4학년,8학기,3.14,600,2024-05-27,600,2020-11-08
S00114,생명과학과,3학년,6학기,3.94,,,540,2023-12-19
S00101,사회학과,2학년,3학기,3.34,900,2025-07-08,915,2022-03-22
S00019,전자공학과,2학년,4학기,2.43,165,2026-02-24,235,2024-11-17
S00089,사회학과,3학년,6학기,2.96,710,2025-01-20,740,2019-08-30
S00152,미디어커뮤니케이션학과,1학년,1학기,3.36,300,2026-02-18,300,2025-05-23
S00063,교육학과,3학년,6학기,3.51,305,2026-03-07,345,2025-04-06
S00119,경영학부,2학년,3학기,1.68,545,2025-03-04,595,2025-01-07
S00180,건축학과,3학년,6학기,2.37,625,2025-01-04,625,2024-07-30
S00109,교육학과,1학년,2학기,3.60,420,2024-07-01,430,2023-06-25
S00007,화학과,3학년,6학기,3.75,465,2024-09-26,480,2021-07-10
S00003,경제학과,4학년,7학기,3.94,800,2025-10-01,865,2024-10-25
S00135,화학과,1학년,2학기,2.13,460,2024-05-29,460,2021-04-08
S00026,컴퓨터공학과,2학년,4학기,4.22,685,2025-10-03,685,2021-09-15
S00059,전자공학과,1학년,2학기,3.42,885,2025-10-10,885,2025-08-30
S00086,화학과,4학년,7학기,2.86,670,2025-09-04,,
S00146,통계학과,1학년,2학기,2.21,780,2025-11-08,780,2022-04-26
S00076,간호학과,4학년,7학기,2.82,350,2025-07-27,360,2022-10-08
S00022,건축학과,1학년,2학기,1.70,775,2026-02-04,775,2025-01-06
S00064,기계공학과,4학년,7학기,1.77,490,2025-03-11,490,2021-01-27
S00122,사회학과,1학년,1학기,3.96,310,2025-02-04,355,2026-04-02
S00065,물리학과,1학년,1학기,3.42,,,300,2021-09-22
S00175,통계학과,3학년,5학기,2.03,315,2024-06-17,,